Название,Артикул,Цена,Нравится,Гарантия,Описание
Сотовый телефон Google Pixel 9 256GB кремовый,140693, 90820,0,Гарантия:,"

Основные характеристики
Тип: смартфон
Год выпуска: 2024

Сети
Поддержка сетей: GSM 5G
Поддержка сим-карт: nano-SIM + eSIM

Конструкция
Материал передней панели: Gorilla Glass Victus 2
Материал тыльной панели: Gorilla Glass Victus 2
Материал рамки: алюминий 
Класс защищенности: IP68
Размеры: 152.8 x 72 x 8.5 мм
Вес: 198 г

Экран
Экран: 6.3"" OLED 2424x1080
Частота обновления кадров: 120 Гц
Значение пиковой яркости: 2700 нит
Защита экрана: Gorilla Glass Victus 2

Платформа
Операционная система: Android 14
Чипсет: Google Tensor G4 (4 nm)
Видеоконтроллер: Mali-G715 MC7

Память
Объем установленной памяти: 12/256 Гб
Тип накопительной памяти: UFS 3.1
Поддержка карт памяти: нет

Основной блок камер
50 mpх, F/1.7, dual pixel PDAF, OIS
48 mpх, F/1.7, ультраширокий угол, dual pixel PDAF
Особенности: однозонный лазерный автофокус, светодиодная вспышка, Ultra-HDR, панорама

Запись видео на основной блок камер
Поддержка записи видео 4K: 24/30/60 fps
Поддержка записи видео 1080p: 24/30/60/120/240 fps
Особенности: gyro-EIS, OIS, 10-bit HDR

Фронтальная камера
10.5 mpх, F/2.2, PDAF
Особенности: Auto-HDR, panorama

Запись видео на фронтальную камеру
Поддержка записи видео 4K: 30/60 fps
Поддержка записи видео 1080p: 30/60 fps

Звук
Режим вывода звука: стерео
Поддержка 3.5 мм аудио входа: нет

Коммуникативные возможности
Поддержка Wi-Fi: 802.11 a/b/g/n/ac/6e/7, tri-band
Поддержка Bluetooth: 5.3, A2DP, LE, aptX HD
Поддержка геопозиционирования: GPS (L1+L5), GLONASS, GALILEO, BDS, QZSS, NavIC
Поддержка NFC: есть
Поддержка USB: USB Type-C 3.2
Поддержка радио: нет

Аккумулятор
Тип: литий-ионный, несъемный
Емкость аккумулятора: 4700 мАч
Мощность проводной зарядки: 27 Вт
Мощность беспроводной зарядки: 12 Вт
Беспроводная реверсивная зарядка: есть
                            "
Сотовый телефон Apple iPhone 16 Pro 256GB золотистый,140357, 117610,2,Гарантия:,"

Основные характеристики
Тип: смартфон
Год выпуска: 2024

Сети
Поддержка сетей: GSM 5G
Поддержка сим-карт для глобальной версии: nano-SIM + eSIM
Поддержка сим-карт версии для США: Dual eSIM
Поддержка сим-карт версии для Китая: Dual SIM

Конструкция
Материал передней панели: стекло
Материал тыльной панели: стекло
Материал рамки: титан 
Класс защищенности: IP68
Размеры: 149.6 x 71.5 x 8.25 мм
Вес: 199 г

Экран
Экран: 6.3"" Super Retina XDR OLED 2622х1206
Значение пиковой яркости: 2000 нит
Плотность пикселей: 460 ppi
Защита экрана: Ceramic Shield glass

Платформа
Модель чипсета: Apple A18 Pro
Количество ядер: 6 (2 производительных + 4 энергоэффективных)
Количество ядер графического процессора: 6
Количество ядер Neural Engine: 16
Операционная система: iOS 18
Объем установленной памяти: 256 Гб
Поддержка карт памяти: нет

Основной блок камер
48 mpх, F/1.8, dual pixel PDAF, OIS на основе сдвига матрицы
12 mpх, F/2.8, 120mm periscope telephoto, dual pixel PDAF, 3D sensor-shift OIS, 5x оптический зум
48 mpх, F/2.2, PDAF
Датчик глубины: TOF 3D LiDAR
Поддержка записи видео 4K: 24/25/30/60/100/120 fps
Поддержка записи видео 1080p: 25/30/60/120/240 fps

Фронтальная камера
12 mpх, F/1.9, PDAF, OIS
Поддержка записи видео 4K: 24/25/30/60 fps
Поддержка записи видео 1080p: 25/30/60/120 fps
Оптическая стабилизация: gyro-EIS

Звук
Режим вывода звука: стерео
Поддержка 3.5 мм аудио входа: нет

Коммуникативные возможности
Поддержка Wi-Fi: 802.11 a/b/g/n/ac/6/7, dual-band, hotspot
Поддержка Bluetooth: 5.3, A2DP, LE
Поддержка геопозиционирования: GPS (L1+L5), GLONASS, GALILEO, BDS, QZSS, NavIC
Поддержка NFC: есть
Поддержка USB: USB Type-C 3.2 Gen 2

Аккумулятор
Тип: литий-ионный, несъемный
Мощность беспроводной зарядки MagSafe: 25 Вт
Мощность беспроводной зарядки Qi2: 15 Вт
Мощность беспроводной реверсивной зарядки: 4.5 Вт

Время автономной работы
В режиме воспроизведения видео: до 27 часов
В режиме воспроизведения видео-стриминга: до 22 часов
В режиме воспроизведения аудио: до 85 часов
                            "
Сотовый телефон Samsung Galaxy S24 Ultra 12/256GB серый,132121, 94510,5,Гарантия:,"

Основные характеристики
Тип: смартфон
Год выпуска: 2024

Сети
Поддержка сетей: GSM 5G
Поддержка сим-карт: Nano-SIM and eSIM/Dual eSIM или Hybrid Dual-SIM

Конструкция
Материал передней панели: стекло 
Материал тыльной панели: стекло 
Материал рамки: титан
Размеры: 162.3 х 79 х 8.6 мм
Вес: 232 г

Экран
Экран: 6.8"" Dynamic LTPO AMOLED 2X 2340x1080
Частота обновления кадров: 120 Гц
Соотношение сторон: 19.5:9
Плотность пикселей: 505 ppi
Защита экрана: Corning Gorilla Glass Armor

Платформа
Операционная система: Android 14
Чипсет: Qualcomm Snapdragon 8 Gen3
Видеоконтроллер: Adreno 750

Память
Объем установленной памяти: 12/256 Гб
Стандарт памяти: UFS 4.0
Поддержка карт памяти: нет

Основной блок камер
200 mpх, F/1.7, multi-directional PDAF, Laser AF, OIS, основная камера
50 mpх, F/3.4, PDAF, OIS, 5x optical zoom, перископический телеобъектив
10 mpх, F/2.4, Dual Pixel PDAF, OIS, 3x optical zoom, телеобъектив
12 mpx, F/2.2, Dual Pixel PDAF, широкоугольный объектив
Поддержка записи видео 8K: 24/30 fps
Поддержка записи видео 4K:  fps
Поддержка записи видео 1080p: /960 fps
Стабилизация видео при съемке: gyro-EIS

Фронтальная камера
12 mpх, F/2.2, Dual Pixel PDAF
Поддержка записи видео 4K: 30/60 fps
Поддержка записи видео 1080p: 30 fps

Звук
Режим вывода звука: стерео 
Поддержка 3.5 мм аудио входа: нет

Коммуникативные возможности
Поддержка Wi-Fi: 802.11 ac/6e/7
Поддержка Bluetooth: 5.3
Поддержка геопозиционирования: GPS, GLONASS, GALILEO, BDS, QZSS
Поддержка USB: USB Type-C 3.2
Поддержка NFC: есть 

Аккумулятор
Емкость аккумулятора: 5000 мАч
Поддержка проводной быстрой зарядки: 45 Вт
Поддержка беспроводной быстрой зарядки: 15 Вт
Поддержка реверсивной зарядки: 4.5 Вт
                            "
Сотовый телефон Xiaomi Redmi Note 13 Pro 12/256GB зеленый,142075, 21090,0,Гарантия:,"

Основные характеристики
Тип: смартфон
Год выпуска: 2024

Сети
Поддержка сетей: GSM 4G
Поддержка сим-карт: Dual-SIM

Конструкция
Материал передней панели: стекло 
Материал тыльной панели: пластик
Материал рамки: пластик
Класс защищенности: IP54
Размеры: 161.1 х 75 х 8 мм
Вес: 188 г

Экран
Экран: 6.67"" AMOLED 2400x1080
Частота обновления кадров: 120 Гц
Соотношение сторон: 20:9
Плотность пикселей: 395 ppi
Защита экрана: Corning Gorilla Glass 5

Платформа
Операционная система: Android 13
Чипсет: Mediatek Helio G99 Ultra
Видеоконтроллер: Mali-G57 MC2

Память
Объем установленной памяти: 12/256 Гб
Стандарт накопителя: UFS 2.2
Поддержка карт памяти: microSDXC

Основной блок камер
200 mpх, F/1.7, PDAF, OIS, основная камера
8 mpх, F/2.2, широкоугольная камера
2 mpх, F/2.4, датчик макросъемки
Поддержка записи видео 1080p: 30/60 fps

Фронтальная камера
16 mpх, F/2.4
Поддержка записи видео 1080p: 30/60 fps

Звук
Количество динамиков: 2  
Поддержка 3.5 мм аудио входа: есть

Коммуникативные возможности
Поддержка Wi-Fi: 802.11 ac
Поддержка Bluetooth: 5.2
Поддержка геопозиционирования: GPS, GLONASS, GALILEO, BDS
Поддержка USB: USB Type-C 2.0

Аккумулятор
Емкость аккумулятора: 5000 мАч
Поддержка проводной быстрой зарядки: 67 Вт
                            "
Ноутбук Apple MacBook Pro 14.2 Apple M3 Max 36/1024GB Silver,134860, 293210,0,Гарантия: 12 месяцев,"

Основные характеристики
Тип: ноутбук
Операционная система: Mac OS Sonoma

Экран
Диагональ экрана: 14.2""
Тип матрицы: Liquid Retina XDR
Разрешение экрана: 3024 х 1964

Процессор
Процессор: Apple M3 Max
Количество ядер: 14
Количество ядер Neural Engine: 16

Память
Объем оперативной памяти: 36 GB
Объем накопителя: 1TB SSD

Видеокарта
Видеоконтроллер: Apple M3 GPU
Количество ядер графического процессора: 30
Объем видеопамяти: SMA

Сетевые интерфейсы
Поддержка стандарта wi-fi: 802.11 ax
Поддержка Bluetooth: версия 5.3
Поддержка Ethernet: нет  

Устройства управления
Устройство позиционирования: Force Touch
Подсветка клавиатуры: есть  

Интерфейсы
3 x Thunderbolt 4
1 x HDMI
1 x SDXC
1 x Magsafe 3
1 x Audio 3.5 mm

Питание
Тип аккумулятора: литий-полимерный 
Емкость аккумулятора: 72.4 ВтЧ
Мощность блока питания: 96 Вт

Размеры
Размеры: 312.6 х 221.2 х 15.5 мм
Вес: от 1.62 кг
                            "
Ноутбук Lenovo V15 Intel Celeron N4020 4GB DDR 120GB SSD HD DOS Gray,110698, 18540,0,Гарантия: 12 месяцев,"

Основные характеристики
Тип: ноутбук
Операционная система: DOS

Процессор
Процессор: Intel Celeron N4020
Частота: 1100-2800 МГц
Количество ядер: 2
Количество потоков: 2
Объем кэша: 4 Мб

Экран
Диагональ экрана: 15.6""
Разрешение экрана: 1366 x 768 HD

Видеокарта
Графический контроллер: Intel HD Graphics 620
Объем видеопамяти: SMA

Оперативная память
Объем оперативной памяти: 4 GB DDR4

Накопители
Тип накопителя: SSD
Объем накопителя SSD: 120 GB
Оптический привод: нет

Сетевые интерфейсы
Поддержка WiFi: есть
Поддержка Bluetooth: есть

Устройства управления
Устройство позиционирования: TouchPad
Подсветка клавиатуры: нет

Интерфейсы
2 x USB 2.0
1 х USB 3.0 
1 x HDMI
1 x Audio/Mic
1 x Cardreader

Питание 
Тип аккумулятора: литий-ионный
Емкость аккумулятора: 35 ВтЧ

Размеры
Размеры: 362 x 251 x 20 мм
Вес: от 1.85 кг
                            "
МФУ Canon i-Sensys MF3010,106807, 21930,16,Гарантия: 12 месяцев,"

Основные характеристики
Тип: мультифункциональное устройство
Функции: принтер / сканер / копир
Цвет: черный

Принтер
Технология печати: лазерная
Максимальный формат: А4
Цветность печати: монохромная
Разрешение: 1200 х 600 dpi
Ресурс картриджа: 1600 страниц
Двусторонняя печать: нет

Сканер
Тип сканера: планшетный
Максимальный формат: А4
Глубина цвета: 24 бит
Разрешение: 1200 х 600 dpi
Стандарты: TWAIN, WIA

Копир
Максимальный формат: А4
Разрешение: 600 х 600 dpi
Скорость копирования: 18 стр/мин
Масштабирование: 50 - 200%

Интерфейсы
Поддержка Wi-Fi: нет
Поддержка Bluetooth: нет
Поддержка USB: есть

Габаритные размеры
Размеры: 372 х 254 х 276 мм
Вес: 8.2 кг
                            "
Процессор Intel Core i5-12400F LGA1700 tray,104958, 9460,16,Гарантия:,"

Основные характеристики
Модель: Intel Core i5-12400F
Сокет: LGA1700
Комплектация: tray

Производительность
Суммарное количество ядер: 6
Количество потоков: 12
Количество производительных ядер: 6
Количество энергоэфективных ядер: 0
Объем кэш-памяти: 18 Мб

Тактовая частота
Максимальная тактовая частота в режиме Turbo: 4400 МГц
Максимальная тактовая частота производительных ядер: 4400 МГц
Базовая тактовая частота производительных ядер: 2500 МГц

Спецификации памяти
Максимальный объем памяти: 128 GB
Типы памяти: DDR4-3200 / DDR5-4800
Количество каналов памяти: 2
Пропускная способность памяти: 76.8 GB/s

Дополнительно
Редакция PCI-Express: 4.0 / 5.0
Поддерживаемое количество линий: 20
Базовое значение TDP: 65W
Значение TDP в турборежиме: 117W
                            "
Смарт-часы Samsung Galaxy Watch Ultra Titanium Gray,141844, 46560,0,Гарантия:,"

Основные характеристики
Тип: смарт-часы
Год выпуска: 2024

Конструкция
Материал передней панели: стекло Sapphire Crystal
Материал рамки: титан 
Стандарт защиты: MIL-STD-810H
Класс водонепроницаемости: IP68
Размеры: 47.4 x 47.4 x 12.1 мм
Вес: 60.5 г

Экран
Экран: 1.5"" Super AMOLED 480x480
Плотность пикселей: 327 ppi 
Функция Always-on display: есть

Платформа
Операционная система: Wear OS 5, One UI Watch 6
Чипсет: Samsung Exynos W1000 (3 nm)
Количество ядер процессора: 5
Видеоконтроллер: Mali-G68

Память
Объем установленной памяти: 2/32 Гб
Поддержка карт памяти: нет

Звук
Режим вывода звука: моно, 1 динамик
Поддержка 3.5 мм аудио входа: нет

Коммуникативные возможности
Поддержка Wi-Fi: Wi-Fi 802.11 a/b/g/n, dual-band
Поддержка Bluetooth: 5.3, A2DP, LE
Поддержка геопозиционирования: GPS (L1+L5), GLONASS, GALILEO, BDS
Поддержка NFC: есть
Поддержка USB: нет
Поддержка радио: нет

Датчики и сенсоры
Акселерометр, Барометр, датчик биоимпедансного анализа
Электрический датчик сердца, гироскоп, компас
Инфракрасный датчик температуры, датчик света
Оптический датчик сердечного ритма

Аккумулятор
Тип: литий-ионный, несъемный
Емкость аккумулятора: 590 мАч
Мощность беспроводной зарядки: 10 Вт
                            "
Смарт-часы Garmin Marq Commander Gen2 Carbon Edition,135010, 248160,0,Гарантия:,"

Основные характеристики
Тип: смарт-часы
Водонепроницаемость: 10 атм
Объем памяти: 32 Гб

Конструкция
Материал линзы: Sapphire Crystal
Материал безеля: углеродное волокно (карбон)
Материал корпуса: углеродное волокно (карбон)
Материал задней крышки: титан

Ремешок
Материал ремешка: нейлон (жаккардовое плетение)
Обхват ремешка: 135 - 205 мм

Дисплей
Тип матрицы: AMOLED 
Диаметр экрана: 1.2""
Разрешение: 390 x 390 px

Автономность
В режиме смартчасов: до 16 дней
В режиме экономии заряда: до 21 дней
В режиме только GPS: до 42 часов
В режиме все системы + музыка: до 10 часов

Размеры
Размеры: 46 х 46 х 15 мм
Вес без ремешка: 48 г
Вес с ремешком: 76 г
                            "
Смарт-часы Huawei Watch 4 Pro 49mm титановые,132004, 47080,0,Гарантия:,"

Основные характеристики
Тип: смарт-часы
Поддержка сети: LTE
Поддержка Sim-карт: eSIM

Операционная система
Операционная система: HarmonyOS 3.0

Память
Объем оперативной памяти: 2GB
Объем накопительной памяти: 32GB
Поддержка карт памяти: нет

Дисплей
Тип матрицы: LTPO AMOLED
Размер дисплея: 1.5"" 466x466 px
Плотность пикселей: 310 ppi

Аудио
Количество динамиков: 1
Поддержка аудио-разъема AUX 3.5 mm: нет

Коммуникативные возможности и интерфейсы
Поддержка Wi-Fi: 802.11 bgn
Поддержка Bluetooth: 5.2, A2DP, LE
Поддержка GPS: GPS (L1+L5), GLONASS, BDS, GALILEO, QZSS
Поддержка NFC: есть

Питание
Тип аккумулятора: литий-ионный, несъемный
Поддержка беспроводной зарядки: есть
Время автономной работы в стандартном режиме: до 4.5 дней

Защищенность
Класс водонепроницаемости: 5 ATM

Конструкция
Материал безеля: титан
Материал браслета: титан
Обхват ремешка: 140-210 мм
Материал экрана: сапфировое стекло
Размеры: 48.8 х 47.6 х 12.9 мм
Вес: 65 г
                            "
Смарт-часы Apple Watch Ultra 2 + ремешок Ocean band оранжевый,127665, 64410,2,Гарантия:,"

Основные характеристики
Тип: смарт-часы
Поддержка сети: GSM / HSPA / LTE
Поддержка Sim-карт: eSIM

Операционная система
Операционная система: watch OS 10
Тип пользовательского интерфейса: Apple UI

Дисплей
Тип матрицы: Retina LTPO OLED
Размер дисплея: 1.92"" 502x410 px
Плотность пикселей: 338 ppi
Максимальная яркость: 3000 nit
Защита экрана: сапфировое стекло

Платформа 
Чипсет: Apple S9
Видеоконтроллер: PowerVR

Аппаратное обеспечение
Объем памяти: 64 GB
Поддержка карт памяти: нет

Аудио
Количество динамиков: 2
Поддержка аудио-разъема AUX 3.5 mm: нет
Максимальный объем звука: 86 дБ

Коммуникативные возможности и интерфейсы
Поддержка Wi-Fi: 802.11 bgn
Поддержка Bluetooth: v5.3, A2DP, LE
Поддержка GPS: GPS, GLONASS, GALILEO, BDS
Поддержка NFC: есть

Питание
Тип аккумулятора: литий-ионный, несъемный
Емкость аккумулятора: 564 mAh
Поддержка беспроводной зарядки: есть

Защищенность
Класс защищенности: IP6X
Класс водонепроницаемости: 100m

Конструкция
Материал рамки: титан
Материал экрана: сапфировое стекло
Размеры: 49 х 44 х 14.4 мм
Вес: 61.4 г
                            "
Беспроводные наушники Apple Airpods 4 ANC,141084, 18370,0,Гарантия: указана в талоне,"

Основные характеристики
Тип: беспроводные наушники
Подключение: Bluetooth 5.3
Управление: нажатием
Чип: Apple H2
Класс защищенности: IP54

Аудиотехнологии
Драйвер с широкой амплитудой, разработанный Apple
Специальный усилитель с широким динамическим диапазоном
Активное шумоподавление
Адаптивное аудио
Режим прозрачности
Изоляция голоса
Пространственное аудио и функция динамического отслеживания движений головы
Адаптивный эквалайзер
Система выравнивания давления

Датчики
Сдвоенные направленные микрофоны
Направленный внутрь микрофон
Акселерометр с детекцией движения
Акселерометр с распознаванием речи
Датчик силы нажатия

Зарядный кейс
Поддерживается зарядка через разъём USB Type-C, Apple Watch charger, Qi-certified charger
Встроенный динамик

Время автономной работы
До 4 часов в режиме прослушивания аудио с включенным шумоподавлением
До 5 часов в режиме прослушивания аудио
До 4.5 часов в режиме разговора

Время автономной работы с учетом зарядного кейса
До 20 часов в режиме прослушивания аудио с включенным шумоподавлением
До 30 часов в режиме прослушивания аудио
До 20 часов в режиме разговора

Размеры
Размеры наушника: 30.2 х 18.3 х 18.1 мм
Размеры зарядного футляра: 50.1 х 21.2 х 46.2 мм

Комплектация
1 х AirPods 4 ANC
1 x Зарядный кейс USB-C с встроенным динамиком
                            "
Очки Apple Vision Pro 256GB,132866, 250770,1,Гарантия:,"

Основные характеристики
Тип: гарнитура дополненной и виртуальной реальности
Объем памяти: 256 Гб

Дисплей
Максимальное разрешение: 23 Mpx
Шаг пикселя: 7.5 микрона
Цветовой охват: 92% DCI-P3
Частота обновления кадров: 90/96/100 Гц
Поддержка воспроизведения видео: 24/30 fps

Чипсет 
Вычислительный процессор: Apple M2
Количество ядер процессора: 8
Количество ядер видеоконтроллера: 10
Количество ядер нейронного процессора: 16
Объем унифицированной памяти: 16 Гб
Процессор обработки данных: Apple R1
Время отклика: 12 мс
Пропускная способность памяти: 256 Гб/с

Камера
Система камер: стереоскопическая
Тип фото- и видеосъемки: пространственная
Разрешение: 6.5 стерео мегапикселей
Апертура: F/2.0

Сенсоры и датчики
2 камеры высокого разрешения
6 камер пространственного слежения
4 камеры слежения за взглядом
1 датчик глубины True Depth
1 LiDAR сканер
4 инерциальных измерительных блока (IMU)
1 датчик мерцания
1 датчик освещенности

Оптическая идентификация
Биометрическая аутентификация на основе радужной оболочки глаза
Шифрование данных аутентификации процессором Secure Enclave
Защита личных данных в приложениях
Возможность приобретения приложений в iTunes Store и App Store

Аудиотехнологии
Пространственный звук с динамическим отслеживанием положения головы
Персонализированное пространственное аудио и трассировка звуковых волн
6 встроенных микрофонов
Поддержка AirPods Pro Gen2 с зарядкой MagSafe
Воспроизведение аудио: AAC, MP3, Apple Lossless, FLAC, Dolby Digital, Dolby Digital Plus, и Dolby Atmos
Воспроизведение видео: HEVC, MV-HEVC, H.264, HDR with Dolby Vision, HDR10, и HLG

Аккумулятор
Время автономной работы: до 2х часов
Время воспроизведения видео: до 2.5 часов
Возможность использования в процессе заряжания прибора

Коммуникативные возможности
Поддержка Wi-Fi: Wi-Fi 6 (802.11ax)
Поддержка Bluetooth: 5.3
Операционная система: visionOS 

Управление
Поддержка управления руками: есть
Поддержка управления взглядом: есть
Поддержка управления голосом: есть
Поддержка управления аксессуарами: клавиатура, трекпад, игровой контроллер

Межзрачковое расстояние
Регулировка межзрачкового расстояния: механическая
Диапазон регулировки: 51 - 75 мм

Вес
Максимальный вес: 650 г
                            "
Экран для проектора I-View TC-MPS-200 Matte White,113192, 6050,3,Гарантия:,"

Основные характеристики
Тип: экран для проектора
Цвет корпуса: белый

Экран
Размеры полотна: 200 х 200 см
Цвет полотна: белый матовый

Технические характеристики
Форма корпуса: цилиндрическая
Тренога: не предусмотрена
Монтаж: настенный
                            "
Гитара классическая Yamaha C40M,23059, 12070,11,Гарантия:,"

Описание
Серия С гитар Yamaha была запущена ещё в далеком 1986 году. Спустя более 25 лет, популярность серии с каждым годом только растет.

C40 – одна из самых недорогих полноразмерных классических моделей от Yamaha. На фоне конкурентов инструмент выделяется высоким качеством сборки, комфортностью (удобство игры особенно важно для начинающих), прекрасным тембром и приятной ценой.

Топ инструмента Yamaha C40 изготовлен из ели, задняя дека и обечайка — из меранти, гриф — из нато, накладка на гриф и бридж — из палисандра. Гитара выполнена в натуральном цвете и имеет глянцевое покрытие, кроме грифа, — он сзади матовый. Традиционно, на классической гитаре поставлены синтетические струны — нейлоновые.

Гитара Yamaha C40 по праву считается одной из лучших для начинающих гитаристов и любителей, которая будет радовать своего хозяина многие годы.

Звукосниматель
Наличие звукоснимателя Нет

Материалы
Верхняя дека Ель
Нижняя дека Меранти
Боковые панели (обечайка) Меранти
Гриф Нато
Накладка грифа Палисандр
Бридж (подставка/струнодержатель) Палисандр
Тип Классические
Количество струн 6
Количество ладов 19
Размер Полноразмерные
Мензура 650 мм
Ширина накладки грифа у верхнего порожка 52 мм
Колки Литые хромированные
Дополнительные характеристики Глубина корпуса: 94 - 100 мм
Цвет Натуральный матовый
"
Холодильник Artel HD 276FN S-WH,83699, 16970,10,Гарантия: 12 месяцев,"

Общие характеристики
Общий полезный объем: 212
Технология NO FROST: нет
Управление работой холодильника: механическое
Внутреннее освещение LED лампа: есть
Мощность замораживания: 2 кг/сут
Климатическое исполнение (субтропический): ST
Уровень шума: 42 дБ

Энергопотребление
Энергопотребление в год: 219 кВт / ч
Класс энергоэффективности (энергопотребления): A+

Морозильная камера
Объем морозильной камеры: 46 л
Расположение морозильной камеры: сверху
Количество отделений: 2
Система размораживания: ручное
Решеточная полка: есть

Холодильная камера
Объем холодильной камеры: 166 л
Количество полок: 4
Количество больших барьеров-полок двери: нет
Количество средних барьеров-полок двери: 3
Ящик для хранения фруктов и овощей: 1
Система размораживания: капельное
Материал полок: закалённое стекло

Преимущества
Компрессоры от мировых лидеров производства: есть
Высокая энергоэффективность: есть
Светодиодная подсветка: есть
Оптимальная влажность: есть
Каленное прочное стекло полок: есть
Хладагент: R 600A

Габариты и вес
Габаритные размеры без упаковки: 1445 x 555 x 570 мм
Габаритные размеры с упаковкой: 1480 x 580 x 610 мм
Вес без упаковки: 45 кг
                            "
Увлажнитель воздуха Centek CT-5101 голубой,75269, 3528,1,Гарантия:,"

Общие характеристики
Тип: увлажнитель воздуха
Потребляемая мощность: 25 Вт
Обслуживаемая площадь: 30 кв.м
Цвет: белый, голубой

Производительность
Продолжительность работы: 8.5 ч
Объем резервуара для воды: 2.5 л
Расход воды: 300 мл/ч
 
Особенности
Управление: механическое
Установка: напольная, настольная
Источник питания: сеть
                            "
Газовый котел Baxi ECO-4s 1.24F,142511, 63000,0,Гарантия:,"

Характеристики
Мощность кВт24
Тип котла традиционный (атмосферный)
ГВС одноконтурный котёл
Вид топлива газ
Установка настенный
Назначение котлатолько отопление
Камера сгорания закрытая с принудительным удалением продуктов сгорания
Материал теплообменника медь
Макс. полезная тепловая мощность кВт24
Мин. полезная тепловая мощность кВт9,3
Макс. потребляемая тепловая мощность кВт25,8
Мин. потребляемая тепловая мощность кВт10,6
Макс. расход природного/сжиженного газам ³/ч (кг/ч)2,73 (2,0)
Макс. производительность (КПД) %92,9
Производительность (КПД) при 30% мощности %90,2
Емкость/давление заполнения расшир. бака отоплениял бар6/0,5
Диапазон регулирования темп. в контуре ГВС°С35-60
Диаметр дымоотвод. труб (коакс./раздельных)мм (60-100)/80
Макс. длина дымоотвод. труб (коакс./раздельных) м5/23
Номинальное входное давление природного газам бар13-20
Электрическая мощность/напряжениет /В130/230

Габариты
Габаритные размеры высотамм 730
Габаритные размеры ширинамм 400
Габаритные размеры глубинамм 299
Вес НЕТТО/БРУТТО кг29,5/32,5
Упаковочные размерымм 490x830x340
                            "
Газовый котел Baxi ECO-4S 24F,142512, 62500,0,Гарантия:,"

Описание
Мощность кВт24
Тип котла традиционный (атмосферный)
ГВС проточный нагрев
Вид топлива газ
Установка настенный
Назначение котлаотопление и ГВС
Камера сгорания закрытая с принудительным удалением продуктов сгорания
Материал теплообменника медь
Макс. полезная тепловая мощность кВт24
Мин. полезная тепловая мощность кВт9,3
Макс. потребляемая тепловая мощность кВт25,8
Мин. потребляемая тепловая мощность кВт10,6
Макс. расход природного/сжиженного газа м³/ч (кг/ч)2,73 (2,0)
Макс. производительность (КПД)%92,9
Производительность (КПД) при 30% мощности %90,4
Емкость/давление заполнения расшир. бака отоплениял/бар 6/0,5
Диапазон регулирования темп. в контуре ГВС°С35-60
Производительность горячей воды при Δt=25°Сл/мин 13,7
Производительность горячей воды при Δt=35°Сл/час 9,8
Мин. расход воды в контуре ГВСл/мин 2
Макс./мин. давление в контуре ГВСбар 8/0,15
Диаметр дымоотвод. труб (коакс./раздельных)мм (60-100)/80
Макс. длина дымоотвод. труб (коакс./раздельных)м 5/23
Номинальное входное давление природного газа мбар13-20
Электрическая мощность/напряжение Вт/В130/230

Габариты
Габаритные размеры высота мм 730
Габаритные размеры ширина мм 400
Габаритные размеры глубина мм 299
Вес НЕТТО/БРУТТО кг30/33
Упаковочные размеры мм 490x830x340
                            "
Тонометр Omron M2 Basic HEM-7121-ALRU,85372, 5999,1,Гарантия: 3 месяца,"

Основные характеристики
Тип автоматический, на плечо
Отображение информации ЖК-экран
Манжета универсальная
Минимальный размер манжеты 22 см
Максимальный размер манжеты 42 см
Питание от батареек, от сети
Тип батареек AA
Количество батареек 4
Адаптер питания в комплекте есть

Функции
Функции измерение пульса
Погрешность измерения давления 3 мм рт. ст.
Погрешность измерения пульса 5%
Функции памяти автоматическая память последнего измерения
Количество ячеек памяти 30
Индикация индикатор аритмии

Дополнительная информация
Веерообразная манжета; запатентованная система Intellisense учитывает состояние сосудов пациента при измерении и рассчитывает давление исходя из трех возможных показателей: ЧСС, времени и осцилляций, что позволяет пациенту быть уверенным в точности полученного результата; Intellisense анализирует и выбирает необходимое из сотни тысяч возможных комбинаций результатов артериального давления человека; работает с малой манжетой 17-22 см

Габариты
Размеры 103x80x129 мм
Вес 255 г
                            "
Стайлер Dyson Airwrap Complete Long HS08 Strawberry Bronze,142493, 50140,0,Гарантия:,"

Основные характеристики
Тип: стайлер
Мощность: 1300 Вт

Технические характеристики
Количество скоростей: 3
Количество режимов нагрева: 3
Воздушный поток: 13.5 л/с
Длина шнура: 2.68 м

Размеры
Размеры: 41 х 48 х 272 мм
Вес: 581 г
                            "
Стайлер Dyson Airwrap Complete Long HS08 Ceramic Patina,142494, 50140,0,Гарантия:,"

Основные характеристики
Тип: стайлер
Мощность: 1300 Вт

Технические характеристики
Количество скоростей: 3
Количество режимов нагрева: 3
Воздушный поток: 13.5 л/с
Длина шнура: 2.68 м

Размеры
Размеры: 41 х 48 х 272 мм
Вес: 581 г
                            "
Стайлер Dyson Airwrap Complete Long HS08 Vinca Blue,142495, 50140,0,Гарантия:,"

Основные характеристики
Тип: стайлер
Мощность: 1300 Вт

Технические характеристики
Количество скоростей: 3
Количество режимов нагрева: 3
Воздушный поток: 13.5 л/с
Длина шнура: 2.68 м

Размеры
Размеры: 41 х 48 х 272 мм
Вес: 581 г
                            "
Протеин Optimum Nutrition 100% Whey Gold Standard 1 кг. ,96693, 4450,1,Гарантия:,"

Основные характеристики
Форма выпуска порошок
Вес 1 кг
Количество порций 29
Упаковка банка

Особенности
Энергетическая ценность одной порции 120 ккал
Содержание питательных веществ в одной порции белки: 24 г, жиры: 1 г, углеводы: 3 г

Состав
Смесь белков (изолят белка молочной сыворотки, концентрат белка молочной сыворотки, пептиды молочной сыворотки), какао (обработанное щелочью), натуральные и искусственные ароматизаторы (насыщенный молочный шоколад), лецитин, ацесульфам калия, запатентованная смесь - Aminogen, сукралоза, лактаза

Рекомендации по применению
Размешайте 1 мерную ложку в 175-250 мл воды или обезжиренного молока; принимайте 1 раз в день во время приема пищи; продолжительность приема 1 месяц

Особенности
Вес продукта может незначительно отличаться

Описание от производителя
100% Whey Gold Standard – это протеин премиум качества, изготовленный из высококачественного сырья с применением инновационных методов обработки. Он превосходно размешивается, быстро усваивается и имеет широкую палитру вкусовых решений. Но действительно особенным делает его именно состав. Из каждой порции вы получаете 24 грамма белка с широким аминокислотным профилем, дополняют который ферменты Лактазы и Аминогена, а также смесь энзимов. Минимум жиров и углеводов, никакого сахара, сои или вредных химических соединений.

Дополнительно
Срок годности 24 мес., хранить в сухом, недоступном для детей месте.

Внимание!
Продукт не является лекарственным средством.
Не рекомендуем использовать продукцию лицам, не достигшим 18 лет.
Не превышайте рекомендованную суточную дозу
Перед началом приема любого продукта обязательно проконсультируйтесь у специалиста или у врача!
"
Складной нож Victorinox Camper (1.3613),42352, 2996,1,Гарантия:,"

Основные характеристики
Производитель: Victorinox
Модель: Camper
Тип: складной
Количество инструментов: 13
Цвет: красный
Габариты: 27х18х91 мм
Вес: 75 г

Набор инструментов    
Большое лезвие    
Ключ для открывания бутылок    
Консервный нож    
Малое лезвие    
Штопор    
Малая отвертка    
Отверткой 3 мм    
Инструмент для снятия изоляции    
Шило    
Кольцо для ключей    
Пинцет    
Зубочистка    
Пила по дереву
                            "
Гимнастический мяч 75см,30434, 1821,3,Гарантия:,"

Описание
Одно из последних веяний фитнес моды - занятия на больших гимнастических мячах. Во время тренировки на мяче сгорает больше калорий, чем при простой силовой тренировке, так как равномерно прорабатываются все группы мышц, которые обычно не доступны при обычной тренировке, особенно мышцы брюшного пресса и спины.
Даже просто используя мяч как сидение и не выполняя никаких движений, вы нагружаете свои мышцы. Одно условие - сидеть нужно, сохраняя идеально ровную осанку.
Мяч из ПВХ повышенной прочности идеален для занятий аэробикой и реабилитационных комплексов. Это превосходный помощник для развития чувства баланса и равновесия, координации движений, включающий в работу мелкие мышцы-стабилизаторы, что значительно повышает эффективность тренировки.
Гимнастические мячи помогают развивать и укреплять мышцы спины и пресса, ног и рук, а также формировать правильную осанку детей и корректировать ее у взрослых.

Характеристики
максимальная нагрузка: 150 кг
диаметр: 75 см
цвет: зеленый
"
Быстросохнущее полотенце Naturehike NH19Y002-J Зеленое 128x80 см,142081, 1950,0,Гарантия:,"

Характеристики
Бренд: Naturehike
Материал: Ткань из микрофибры
Возможности: Быстросохнущий
Размер: 128 x 80 см
"
